<?xml version="1.0" encoding="UTF-8"?>
<!--  
	jdbc.sqlonly    : Logs only SQL
	jdbc.sqltiming  : Logs the SQL, post-execution, including timing execution statistics
	jdbc.audit      : Logs ALL JDBC calls except for ResultSets
	jdbc.resultset  : all calls to ResultSet objects are logged
	jdbc.connection : Logs connection open and close events
-->
<configuration>
	<include resource="org/springframework/boot/logging/logback/base.xml"/>
	
	<appender name="STDOUT" class="ch.qos.logback.core.ConsoleAppender">
		<!-- By default, encoders are assigned the type ch.qos.logback.classic.encoder.PatternLayoutEncoder -->
		<encoder>
			<pattern>%d{yyyyMMdd HH:mm:ss.SSS} [%thread] %-3level %logger{5} -%msg %n</pattern>
		</encoder>
	</appender>

	<appender name="FILE" class="ch.qos.logback.core.rolling.RollingFileAppender">
		<file>/Users/Sarkh/Documents/Workspace/Spring/spring-board/log/boot-mybatis-board.log</file>
		<prudent>true</prudent>
		<rollingPolicy class="ch.qos.logback.core.rolling.TimeBasedRollingPolicy">
			<fileNamePattern>boot-mybatis-board.%d{yyyy-MM-dd}.log</fileNamePattern>
			<!-- 30일 지난 파일은 삭제한다. -->
			<maxHistory>30</maxHistory>
		</rollingPolicy>
		<filter class="ch.qos.logback.classic.filter.ThresholdFilter">
			<level>INFO</level>
		</filter>
		<encoder>
			<pattern>%d{yyyy:MM:dd HH:mm:ss.SSS} %-5level --- [%thread] %logger{35} : %msg %n</pattern>
		</encoder>
	</appender>
	
	<logger name="jdbc" level="OFF" />
	<logger name="jdbc.sqlonly" level="DEBUG" additivity="false">
		<appender-ref ref="STDOUT" />
		<appender-ref ref="FILE" />
	</logger>
	<logger name="jdbc.resultsettable" level="DEBUG" additivity="false">
		<appender-ref ref="STDOUT" />
		<appender-ref ref="FILE" />
	</logger>
 
	<logger name="org.springframework.web" level="INFO"/>
	<logger name="org.thymeleaf" level="INFO"/>
	<logger name="org.hibernate.SQL" level="INFO"/>
	<logger name="org.quartz.core" level="INFO"/>
	<logger name="org.h2.server.web" level="INFO"/>

	<!-- 프로젝트 전역적으로 적용하는 로깅 환경설정 -->
	<root level="INFO">
		<appender-ref ref="STDOUT" />
		<appender-ref ref="FILE" />
	</root>
</configuration>