<?xml version="1.0" encoding="UTF-8"?>
<!DOCTYPE mapper PUBLIC "-//mybatis.org//DTD Mapper 3.0//EN" "http://mybatis.org/dtd/mybatis-3-mapper.dtd">
<mapper namespace="com.example.demo.repository.ProductMapper">

	<resultMap type="Product" id="resultProductMap">
		<result property="id" column="ID" />
		<result property="name" column="NAME" />
		<result property="price" column="PRICE" />
		<result property="deliveryCharge" column="DELIVERY_CHARGE" />
		<result property="detail" column="DETAIL" />
		<result property="hitcount" column="HITCOUNT" />
		<result property="size" column="SIZE" />
		<result property="color" column="COLOR" />
		<!-- <result property="seller" column="SELLER"/> -->
	</resultMap>
		
	<select id="countAll" resultType="int">
	SELECT COUNT(*) FROM PRODUCT
	</select>		
	
	<!--입력한 검색어가 들어간 제품명을 db에서 찾는다.-->
	<select id="searchAll" parameterType="String" resultMap="resultProductMap">
		SELECT * FROM PRODUCT WHERE NAME LIKE CONCAT('%',#{name},'%')
	</select>
	
	<select id="searchById" parameterType="int"
		resultMap="resultProductMap">
		SELECT * FROM PRODUCT WHERE ID=#{id}
	</select>


</mapper>