<?xml version="1.0" encoding="UTF-8"?>
<!DOCTYPE mapper PUBLIC "-//mybatis.org//DTD Mapper 3.0//EN" "http://mybatis.org/dtd/mybatis-3-mapper.dtd">
<mapper namespace="com.example.demo.repository.UserMapper">

	<resultMap type="User" id="resultUserMap">
		<result property="email" column="EMAIL" />
		<result property="password" column="PASSWORD" />
		<result property="name" column="NAME" />
		<result property="phone" column="PHONE" />
	</resultMap>

	<update id="update" parameterType="User">
		UPDATE USER SET PASSWORD=#{password} WHERE EMAIL = #{email}
	</update>

	<insert id="insert" parameterType="User">
		INSERT INTO USER(EMAIL, PASSWORD, NAME, PHONE, ADDRESS) VALUES(#{email}, #{password}, #{name}, #{phone}, #{address})
	</insert>

	<delete id="delete" parameterType="String">
		DELETE FROM USER WHERE EMAIL = #{email}
	</delete>
	
	<select id="selectOne" parameterType="String" resultType="User">
		SELECT * FROM USER WHERE EMAIL = #{email}
	</select>


	<select id="selectAll" resultMap="resultUserMap">
		SELECT * FROM USER
	</select>


</mapper>